Source File	Size	loadResources	load	generateSnapshots	load-configure	scan	loadDepInfo	loadInfo	checkR4R4B	generateNarratives	validate	loadLists	checkConformanceResources	checkConformanceResources2	checkConformanceResources3	generateLogicalMaps	validateExpressions	scanForUsageStats	checkURLsUnique	processProvenanceDetails	translate	generate1	generate2	generateLogicals	makeDependencies	generateExampleZip	generateValidationPack	scanProfilesForR5	scanExamplesForR5
/fsh-generated/resources/ImplementationGuide-ans.fhir.fr.annuaire.json	34708	-	0	0	0	0	0	0	20	85	0	0	0	0	0	0	0	2	0	0	26	207	660	0	0	0	7	0	3
fsh-generated/resources/CapabilityStatement-AsServerDPCapabilityStatement.json	22115	5	0	0	1	0	1	0	3	53	0	0	0	0	1	0	0	0	0	0	10	123	121	0	0	0	4	0	0
fsh-generated/resources/CodeSystem-as-cs-organization-types.json	1091	2	0	0	0	0	0	0	0	9	0	0	0	0	0	0	0	0	0	0	8	13	136	0	0	0	0	0	0
fsh-generated/resources/CodeSystem-as-cs-type-etablissement.json	807	2	0	0	0	0	0	0	0	4	0	0	0	0	1	0	0	0	0	0	5	11	95	0	0	0	1	0	0
fsh-generated/resources/CodeSystem-as-cs-type-systeme-information.json	1294	2	0	0	0	0	0	0	1	7	0	0	1	0	0	0	0	0	0	0	6	12	89	0	0	0	0	0	0
fsh-generated/resources/Organization-158480.json	3499	3	0	0	0	0	0	0	0	67	0	0	0	0	0	0	0	0	0	0	5	17	39	0	0	1	0	0	0
fsh-generated/resources/Organization-158480DP.json	3495	2	0	0	0	0	0	0	1	15	0	0	0	0	0	0	0	0	0	0	4	15	28	0	0	0	0	0	0
fsh-generated/resources/Organization-481677.json	3328	3	0	0	0	0	0	0	0	19	0	0	0	0	0	0	0	0	0	0	4	14	19	0	0	0	0	0	0
fsh-generated/resources/Organization-481677DP.json	2395	2	0	0	0	0	0	0	0	13	0	0	0	0	0	0	0	0	0	0	3	14	20	0	0	0	0	0	0
fsh-generated/resources/Organization-548812.json	2141	2	0	0	0	0	0	0	1	24	0	0	0	0	0	0	0	0	0	0	2	14	17	0	0	0	0	0	0
fsh-generated/resources/Organization-548812DP.json	2157	2	0	0	0	0	0	0	0	18	0	0	0	0	0	0	0	1	0	0	3	13	17	0	0	0	0	0	1
fsh-generated/resources/Organization-example-organization-fictive.json	2078	2	0	0	0	0	0	0	0	3	0	0	0	0	0	0	0	0	0	0	2	11	24	0	1	0	0	0	0
fsh-generated/resources/Organization-example-organization-nancy.json	3182	3	0	0	0	0	0	0	0	4	0	0	0	0	0	0	0	0	0	0	3	12	24	0	0	0	0	0	0
fsh-generated/resources/Person-pp16dr-person.json	1016	2	0	0	0	0	0	0	0	4	0	0	0	0	0	0	0	0	0	0	2	8	29	0	0	0	0	0	0
fsh-generated/resources/Person-pp19dr-person.json	998	2	0	0	0	0	0	0	0	3	0	0	0	0	0	0	0	0	0	0	3	8	24	0	0	0	0	0	0
fsh-generated/resources/Practitioner-334081.json	4884	2	0	0	0	0	0	0	1	35	0	0	0	0	0	0	0	0	0	0	2	20	36	0	0	0	0	0	0
fsh-generated/resources/Practitioner-334081DP.json	2487	2	0	0	0	0	0	0	0	16	0	0	0	0	0	0	0	0	0	0	3	13	19	0	0	0	0	0	0
fsh-generated/resources/Practitioner-3719500.json	5410	3	0	0	0	0	0	0	0	16	0	0	0	0	0	0	0	0	0	0	2	20	31	0	0	0	0	0	0
fsh-generated/resources/Practitioner-3719500DP.json	2508	2	0	0	0	0	0	0	0	9	0	0	0	0	0	0	0	0	0	0	3	14	19	0	0	0	0	0	0
fsh-generated/resources/PractitionerRole-1578230.json	1323	1	0	0	0	0	0	0	0	642	0	0	0	0	0	0	0	0	0	0	2	13	38	0	0	0	0	0	0
fsh-generated/resources/PractitionerRole-1578230DP.json	1282	2	0	0	0	0	0	0	0	8	0	0	0	0	0	0	0	0	0	0	2	10	31	0	0	0	0	0	0
fsh-generated/resources/PractitionerRole-1738459.json	1315	2	0	0	0	0	0	0	1	9	0	0	0	0	0	0	0	0	0	0	2	10	29	0	0	0	0	0	0
fsh-generated/resources/PractitionerRole-1738459DP.json	1274	2	0	0	0	0	0	0	0	9	0	0	0	0	0	0	0	0	0	0	2	10	28	0	0	0	0	0	0
fsh-generated/resources/PractitionerRole-5015602.json	1316	1	0	0	0	0	0	0	0	9	0	0	0	0	0	0	0	0	0	0	2	10	28	0	0	0	0	0	0
fsh-generated/resources/PractitionerRole-5015602DP.json	1275	2	0	0	0	0	0	0	0	9	0	0	0	0	0	0	0	0	0	0	2	10	33	0	0	0	0	0	0
fsh-generated/resources/SearchParameter-as-sp-address-line.json	411	1	0	0	1	0	0	0	0	5	0	0	0	0	0	0	0	0	0	0	2	8	21	0	0	0	0	0	0
fsh-generated/resources/SearchParameter-as-sp-data-information-system.json	743	2	0	0	0	0	0	0	0	4	0	0	0	0	1	0	0	0	0	0	2	11	21	0	0	0	1	0	0
fsh-generated/resources/SearchParameter-as-sp-data-registration-authority.json	753	1	0	0	0	0	0	0	0	3	0	0	0	0	0	0	0	0	0	0	2	12	22	0	0	0	0	0	0
fsh-generated/resources/SearchParameter-as-sp-insee-code.json	592	2	0	0	0	0	0	0	0	3	0	0	0	0	0	0	0	0	0	0	3	9	19	0	0	0	0	0	0
fsh-generated/resources/SearchParameter-as-sp-mailbox-mss-type.json	695	1	0	0	0	0	0	0	0	3	0	0	0	0	0	0	0	0	0	0	2	10	18	0	0	0	0	0	0
fsh-generated/resources/SearchParameter-as-sp-mailbox-mss.json	575	2	0	0	0	0	0	0	0	3	0	0	0	0	1	0	0	0	0	0	2	9	19	0	0	0	1	0	0
fsh-generated/resources/SearchParameter-as-sp-number-smartcard.json	647	1	0	0	0	0	0	0	0	5	0	0	0	0	0	0	0	0	0	0	3	9	17	0	0	0	0	0	1
fsh-generated/resources/SearchParameter-as-sp-organization-period.json	542	2	0	0	0	0	0	0	0	3	0	0	0	0	0	0	0	0	0	0	2	9	18	0	0	0	0	0	0
fsh-generated/resources/SearchParameter-as-sp-pharmacy-licence.json	585	1	0	0	0	0	0	0	1	2	0	0	0	0	1	0	0	0	0	0	2	8	18	0	0	0	1	0	0
fsh-generated/resources/SearchParameter-as-sp-qualification-code.json	459	2	0	0	0	0	0	0	0	3	0	0	0	0	0	0	0	0	0	0	2	8	19	0	0	0	0	0	0
fsh-generated/resources/SearchParameter-as-sp-type-smartcard.json	629	1	0	0	0	0	0	0	0	3	0	0	0	0	0	0	0	0	0	0	2	10	17	0	0	0	0	0	0
fsh-generated/resources/StructureDefinition-as-address-extended.json	8038	4	0	45	0	0	0	0	0	87	0	0	1	0	1	0	0	1	0	0	1	223	1148	0	0	0	7	0	1
fsh-generated/resources/StructureDefinition-as-codeableconcept-timed.json	1207	2	0	14	0	0	0	0	0	13	0	0	0	0	0	0	0	0	0	0	1	53	346	0	0	0	2	0	0
fsh-generated/resources/StructureDefinition-as-device.json	6245	3	0	62	0	0	0	0	0	50	0	0	0	0	0	0	0	1	0	0	1	332	1248	0	0	0	11	0	2
fsh-generated/resources/StructureDefinition-as-dp-device.json	5221	4	0	55	0	0	0	0	0	42	0	0	1	0	1	0	0	1	0	0	0	424	1031	0	0	0	12	1	1
fsh-generated/resources/StructureDefinition-as-dp-healthcareservice-healthcare-activity.json	6126	4	0	75	0	0	0	0	0	37	0	0	1	0	0	0	0	0	0	0	1	395	886	0	0	0	9	0	0
fsh-generated/resources/StructureDefinition-as-dp-healthcareservice-social-equipment.json	6532	4	0	161	0	0	0	0	0	51	0	0	0	0	0	0	0	2	0	0	0	641	1442	0	0	0	15	0	2
fsh-generated/resources/StructureDefinition-as-dp-organization.json	8803	9	0	258	1	0	0	0	0	101	0	0	1	0	1	0	0	2	0	0	0	882	1790	0	0	0	23	1	1
fsh-generated/resources/StructureDefinition-as-dp-practitioner.json	8796	6	0	214	0	0	0	0	0	180	0	0	1	0	0	0	0	3	0	0	1	906	1800	0	0	0	19	0	2
fsh-generated/resources/StructureDefinition-as-dp-practitionerrole.json	7155	4	0	79	0	0	0	0	0	61	0	0	0	0	0	0	0	1	0	0	1	505	910	0	0	0	16	0	1
fsh-generated/resources/StructureDefinition-as-dr-device.json	4875	4	0	120	0	0	0	0	0	32	0	0	1	0	1	0	0	1	0	0	1	411	602	0	0	0	9	1	1
fsh-generated/resources/StructureDefinition-as-dr-healthcareservice-healthcare-activity.json	5724	4	0	25	0	0	0	0	0	27	0	0	0	0	0	0	0	1	0	0	0	393	783	0	0	0	9	0	1
fsh-generated/resources/StructureDefinition-as-dr-healthcareservice-social-equipment.json	6263	4	0	44	0	0	0	0	0	39	0	0	1	0	0	0	0	1	0	0	1	567	868	0	0	0	14	0	1
fsh-generated/resources/StructureDefinition-as-dr-organization.json	4178	3	0	50	0	0	0	0	1	41	0	0	1	0	1	0	0	2	0	0	0	643	1334	0	0	0	13	0	2
fsh-generated/resources/StructureDefinition-as-dr-person.json	4069	3	0	34	0	0	0	0	0	27	0	0	0	0	0	0	0	1	0	0	0	263	539	0	0	0	6	1	0
fsh-generated/resources/StructureDefinition-as-dr-practitioner.json	5619	4	0	85	0	0	0	0	0	64	0	0	1	0	0	0	0	3	0	0	1	864	1970	0	0	0	27	0	3
fsh-generated/resources/StructureDefinition-as-dr-practitionerrole.json	5969	4	0	27	0	0	0	0	0	33	0	0	0	0	1	0	0	1	0	0	0	473	691	0	0	0	16	1	1
fsh-generated/resources/StructureDefinition-as-ext-authorization.json	5107	3	0	8	0	0	0	0	0	27	0	0	0	0	0	0	0	1	0	0	0	195	323	0	0	0	6	0	0
fsh-generated/resources/StructureDefinition-as-ext-codeableconcept-timed-metadata.json	1721	3	0	4	0	0	0	0	0	10	0	0	1	0	0	0	0	0	0	0	1	69	198	0	0	0	5	0	0
fsh-generated/resources/StructureDefinition-as-ext-data-trace.json	4683	3	0	5	0	0	0	0	0	11	0	0	0	0	1	0	0	0	0	0	0	154	258	0	0	0	4	0	0
fsh-generated/resources/StructureDefinition-as-ext-digital-certificate.json	7812	6	0	9	0	0	0	0	0	21	0	0	1	0	0	0	0	0	0	0	1	293	350	0	0	0	9	0	1
fsh-generated/resources/StructureDefinition-as-ext-education-level.json	5223	6	0	7	0	0	0	0	0	21	0	0	0	0	0	0	0	1	0	0	0	184	352	0	0	0	5	0	0
fsh-generated/resources/StructureDefinition-as-ext-installation.json	3993	4	0	5	0	0	0	0	0	14	0	0	0	0	1	0	0	0	0	0	1	147	244	0	0	0	3	0	0
fsh-generated/resources/StructureDefinition-as-ext-lieu-dit.json	1393	2	0	3	0	0	0	0	0	5	0	0	1	0	0	0	0	0	0	0	0	51	175	0	0	0	1	0	0
fsh-generated/resources/StructureDefinition-as-ext-mailbox-mss-metadata.json	5406	4	0	8	0	0	0	0	0	16	0	0	0	0	0	0	0	0	0	0	0	209	304	0	0	0	4	0	0
fsh-generated/resources/StructureDefinition-as-ext-organization-authorization-deadline.json	2762	3	0	5	0	0	0	0	0	11	0	0	0	0	1	0	0	1	0	0	1	113	214	0	0	0	2	0	0
fsh-generated/resources/StructureDefinition-as-ext-organization-budget-type.json	1589	2	0	3	1	0	0	0	0	6	0	0	1	0	0	0	0	0	0	0	0	52	174	0	0	0	1	0	0
fsh-generated/resources/StructureDefinition-as-ext-organization-closing-type.json	1752	2	0	3	0	0	0	0	0	6	0	0	0	0	0	0	0	0	0	0	0	53	178	0	0	0	1	0	0
fsh-generated/resources/StructureDefinition-as-ext-organization-pharmacy-licence.json	1623	3	0	3	0	0	0	0	0	7	0	0	0	0	1	0	0	0	0	0	1	53	171	0	0	0	2	0	1
fsh-generated/resources/StructureDefinition-as-ext-organization-pricing-model.json	1786	2	0	3	0	0	0	0	0	5	0	0	1	0	0	0	0	0	0	0	0	54	165	0	0	0	1	0	0
fsh-generated/resources/StructureDefinition-as-ext-organization-types.json	1532	2	0	3	0	0	0	0	0	5	0	0	0	0	0	0	0	0	0	0	0	51	167	0	0	0	1	0	0
fsh-generated/resources/StructureDefinition-as-ext-patient-type.json	2975	3	0	4	0	0	0	0	0	8	0	0	0	0	1	0	0	0	0	0	1	114	207	0	0	0	2	0	0
fsh-generated/resources/StructureDefinition-as-ext-person-birth-place.json	2187	2	0	4	0	0	0	0	0	8	0	0	1	0	0	0	0	0	0	0	0	94	222	0	0	0	1	0	0
fsh-generated/resources/StructureDefinition-as-ext-person-deceased-date-time.json	2050	2	0	5	0	0	0	0	0	8	0	0	0	0	0	0	0	0	0	0	1	91	224	0	0	0	2	0	0
fsh-generated/resources/StructureDefinition-as-ext-person-statut-etat-civil.json	3245	3	0	4	0	0	0	0	1	8	0	0	1	0	1	0	0	1	0	0	0	118	218	0	0	0	2	0	0
fsh-generated/resources/StructureDefinition-as-ext-practitioner-authorization.json	5586	3	0	7	0	0	0	0	0	15	0	0	0	0	0	0	0	0	0	0	0	205	286	0	0	0	5	1	0
fsh-generated/resources/StructureDefinition-as-ext-practitionerrole-contracted.json	2063	2	0	3	0	0	0	0	0	5	0	0	0	0	0	0	0	0	0	0	1	55	170	0	1	0	1	0	0
fsh-generated/resources/StructureDefinition-as-ext-practitionerrole-hascas.json	1838	2	0	3	0	0	0	0	0	7	0	0	1	0	1	0	0	0	0	0	0	53	163	0	0	0	1	0	0
fsh-generated/resources/StructureDefinition-as-ext-practitionerrole-vitale-accepted.json	1793	2	0	3	0	0	0	0	0	5	0	0	0	0	0	0	0	0	0	0	0	52	167	0	0	0	1	0	1
fsh-generated/resources/StructureDefinition-as-ext-registration.json	7926	4	0	7	0	0	0	0	0	21	0	0	0	0	0	0	0	0	0	0	1	276	350	0	0	0	5	0	0
fsh-generated/resources/StructureDefinition-as-ext-smartcard.json	5194	3	0	7	0	0	0	0	0	15	0	0	1	0	0	0	0	1	0	0	0	200	375	0	0	0	5	0	0
fsh-generated/resources/StructureDefinition-as-ext-supported-capacity.json	8744	4	0	9	0	0	0	0	0	23	0	0	0	0	1	0	0	0	0	0	1	309	344	0	0	0	6	0	0
fsh-generated/resources/StructureDefinition-as-healthcareservice-healthcare-activity.json	5200	3	0	1	0	0	0	0	0	16	0	0	0	0	0	0	0	1	0	0	0	226	370	0	0	0	5	0	1
fsh-generated/resources/StructureDefinition-as-healthcareservice-social-equipment.json	14291	4	0	2	0	0	0	0	0	54	0	0	1	0	0	0	0	1	0	0	1	616	778	0	0	0	15	0	1
fsh-generated/resources/StructureDefinition-as-mailbox-mss.json	3891	3	0	9	0	0	0	0	0	15	0	0	0	0	1	0	0	0	0	0	1	246	300	0	0	0	3	0	0
fsh-generated/resources/StructureDefinition-as-organization.json	23114	11	0	4	0	0	0	0	1	62	0	0	1	0	0	0	0	3	0	0	1	926	1416	0	0	0	20	0	2
fsh-generated/resources/StructureDefinition-as-person.json	6699	6	0	1	0	0	0	0	0	18	0	0	1	0	0	0	0	0	0	0	1	234	451	0	0	0	5	0	1
fsh-generated/resources/StructureDefinition-as-practitioner.json	25760	7	0	4	1	0	0	0	0	77	0	0	0	0	1	0	0	3	0	0	1	1140	1690	0	0	0	25	0	2
fsh-generated/resources/StructureDefinition-as-practitionerrole.json	13096	5	0	1	0	0	0	0	0	36	0	0	1	0	0	0	0	1	0	0	1	468	849	0	0	0	11	1	1
fsh-generated/resources/ValueSet-as-vs-organization-types.json	493	1	0	0	0	0	0	0	0	541	0	0	0	0	0	0	0	0	0	0	4	7	107	0	0	0	0	0	0
fsh-generated/resources/ValueSet-as-vs-type-etablissement.json	659	2	0	0	0	0	0	1	0	4	0	0	0	0	1	0	0	0	0	0	3	9	89	0	0	0	1	0	0
fsh-generated/resources/ValueSet-as-vs-type-systeme-information.json	711	2	0	0	0	0	0	0	0	3	0	0	0	0	0	0	0	0	0	0	4	9	81	0	0	0	0	0	0
/fsh-generated/includes/menu.xml	2205	-	-	-	0	0	0	0	0	0	0	0	0	0	0	0	0	0	0	0	0	0	1	0	0	0	0	0	0
/fsh-generated/includes/fsh-link-references.md	6135	-	-	-	0	0	0	0	0	0	0	0	0	0	0	0	0	0	0	0	0	0	1	0	0	0	0	0	0
/input/data/features.yml	300	-	-	-	0	0	0	0	0	0	0	0	0	0	0	0	0	0	0	0	0	0	1	0	0	0	0	0	0
/input/pagecontent/securite.md	910	-	-	-	0	0	0	0	0	0	0	0	0	0	0	0	0	0	0	0	0	0	0	0	0	0	0	0	0
/input/pagecontent/example.md	0	-	-	-	0	0	0	0	0	0	0	0	0	0	0	0	0	0	0	0	0	0	0	0	0	0	0	0	0
/input/pagecontent/tests.md	1239	-	-	-	0	0	0	0	0	0	0	0	0	0	0	0	0	0	0	0	0	0	0	0	0	0	0	0	0
/input/pagecontent/liste_profils.md	2164	-	-	-	0	0	0	0	0	0	0	0	0	0	0	0	0	0	0	0	0	0	10	0	0	0	0	0	0
/input/pagecontent/changes.md	10315	-	-	-	0	0	0	0	0	0	0	0	0	0	0	0	0	0	0	0	0	0	1	0	0	0	0	0	0
/input/pagecontent/downloads.md	907	-	-	-	0	0	0	0	0	0	0	0	0	0	0	0	0	0	0	0	0	0	1	0	0	0	0	0	0
/input/pagecontent/translationinfo.md	467	-	-	-	0	0	0	0	0	0	0	0	0	0	0	0	0	0	0	0	0	0	0	0	0	0	0	0	0
/input/pagecontent/index.md	4253	-	-	-	0	0	0	0	0	0	0	0	0	0	0	0	0	0	0	0	0	0	41	0	0	0	0	0	0
/input/pagecontent/problematiques_connues.md	564	-	-	-	0	0	0	0	0	0	0	0	0	0	0	0	0	0	0	0	0	0	1	0	0	0	0	0	0
/template/config	0	-	-	-	0	0	0	0	0	0	0	0	0	0	0	0	0	0	0	0	0	0	0	0	0	0	0	0	0
/template/config/_config.yml	140	-	-	-	0	0	0	0	0	0	0	0	0	0	0	0	0	0	0	0	0	0	0	0	0	0	0	0	0
/input/images	0	-	-	-	0	0	0	0	0	0	0	0	0	0	0	0	0	0	0	0	0	0	0	0	0	0	0	0	0
/input/images/mappingFHIRAnnuaireSante.png	196561	-	-	-	0	0	0	0	0	0	0	0	0	0	0	0	0	0	0	0	0	0	1	0	0	0	0	0	0
/temp/pages/_includes/artifacts.xml	55308	-	-	-	-	-	-	-	-	-	-	-	-	-	-	-	-	-	-	-	-	-	5	0	0	0	0	0	0
