<?xml version="1.0" encoding="UTF-8"?><ValueSet xmlns="http://hl7.org/fhir"><id value="as-vs-type-systeme-information"/><meta><profile value="http://hl7.org/fhir/StructureDefinition/shareablevalueset"/></meta><text><status value="generated"/><div xmlns="http://www.w3.org/1999/xhtml"><p class="res-header-id"><b>Narratif généré : EnsembleValeurs as-vs-type-systeme-information</b></p><a name="as-vs-type-systeme-information"> </a><a name="hcas-vs-type-systeme-information"> </a><div style="display: inline-block; background-color: #d9e0e7; padding: 6px; margin: 4px; border: 1px solid #8da1b4; border-radius: 5px; line-height: 60%"><p style="margin-bottom: 0px"/><p style="margin-bottom: 0px">Profil: <a href="http://hl7.org/fhir/R4/shareablevalueset.html">Shareable ValueSet</a></p></div><ul><li>Include tous les codes définis dans <a href="CodeSystem-as-cs-type-systeme-information.html"><code>https://interop.esante.gouv.fr/ig/fhir/annuaire/CodeSystem/as-cs-type-systeme-information</code></a></li></ul></div></text><url value="https://interop.esante.gouv.fr/ig/fhir/annuaire/ValueSet/as-vs-type-systeme-information"/><version value="1.1.0"/><name value="AsVsTypeSystemeInformationVS"/><title value="AS ValueSet type de système d'information"/><status value="active"/><experimental value="false"/><date value="2025-08-11T17:10:25+00:00"/><publisher value="Agence du Numérique en Santé (ANS) - 2-10 Rue d'Oradour-sur-Glane, 75015 Paris"/><contact><name value="Agence du Numérique en Santé (ANS) - 2-10 Rue d'Oradour-sur-Glane, 75015 Paris"/><telecom><system value="url"/><value value="https://esante.gouv.fr"/></telecom><telecom><system value="email"/><value value="monserviceclient.annuaire@esante.gouv.fr"/></telecom></contact><description value="ValueSet définissant les types de systèmes d'information pouvant alimenter l'annuaire santé."/><jurisdiction><coding><system value="urn:iso:std:iso:3166"/><code value="FR"/><display value="FRANCE"/></coding></jurisdiction><compose><include><system value="https://interop.esante.gouv.fr/ig/fhir/annuaire/CodeSystem/as-cs-type-systeme-information"/></include></compose></ValueSet>