{
  "resourceType" : "ValueSet",
  "id" : "as-vs-type-etablissement",
  "meta" : {
    "profile" : ["http://hl7.org/fhir/StructureDefinition/shareablevalueset"]
  },
  "text" : {
    "status" : "generated",
    "div" : "<div xmlns=\"http://www.w3.org/1999/xhtml\"><p class=\"res-header-id\"><b>Narratif généré : EnsembleValeurs as-vs-type-etablissement</b></p><a name=\"as-vs-type-etablissement\"> </a><a name=\"hcas-vs-type-etablissement\"> </a><div style=\"display: inline-block; background-color: #d9e0e7; padding: 6px; margin: 4px; border: 1px solid #8da1b4; border-radius: 5px; line-height: 60%\"><p style=\"margin-bottom: 0px\"/><p style=\"margin-bottom: 0px\">Profil: <a href=\"http://hl7.org/fhir/R4/shareablevalueset.html\">Shareable ValueSet</a></p></div><ul><li>Include tous les codes définis dans <a href=\"CodeSystem-as-cs-type-etablissement.html\"><code>https://interop.esante.gouv.fr/ig/fhir/annuaire/CodeSystem/as-cs-type-etablissement</code></a></li></ul></div>"
  },
  "url" : "https://interop.esante.gouv.fr/ig/fhir/annuaire/ValueSet/as-vs-type-etablissement",
  "version" : "1.1.0",
  "name" : "AsVsTypeEtablissement",
  "title" : "AS ValueSet type Etablissement",
  "status" : "active",
  "experimental" : false,
  "date" : "2025-09-18T15:39:47+00:00",
  "publisher" : "Agence du Numérique en Santé (ANS) - 2-10 Rue d'Oradour-sur-Glane, 75015 Paris",
  "contact" : [{
    "name" : "Agence du Numérique en Santé (ANS) - 2-10 Rue d'Oradour-sur-Glane, 75015 Paris",
    "telecom" : [{
      "system" : "url",
      "value" : "https://esante.gouv.fr"
    },
    {
      "system" : "email",
      "value" : "monserviceclient.annuaire@esante.gouv.fr"
    }]
  }],
  "description" : "ValueSet définissant les types d'établissement.",
  "jurisdiction" : [{
    "coding" : [{
      "system" : "urn:iso:std:iso:3166",
      "code" : "FR",
      "display" : "FRANCE"
    }]
  }],
  "compose" : {
    "include" : [{
      "system" : "https://interop.esante.gouv.fr/ig/fhir/annuaire/CodeSystem/as-cs-type-etablissement"
    }]
  }
}